{
    "timestamp": "2025-10-29 18:12:16",
    "device": "cuda",
    "results": {
        "baseline": {
            "accuracy": 75.35,
            "latency_ms": 33.61437797546387
        },
        "ptq": {
            "FP16": {
                "accuracy": 75.35,
                "latency_ms": 26.418943405151367,
                "drop": 0.0
            },
            "BF16": {
                "accuracy": 75.46,
                "latency_ms": 25.841946601867676,
                "drop": -0.10999999999999943
            },
            "INT8": {
                "accuracy": 75.08,
                "latency_ms": 36.70242786407471,
                "drop": 0.269999999999996
            },
            "INT4": {
                "accuracy": 1.36,
                "latency_ms": 38.06624412536621,
                "drop": 73.99
            }
        },
        "qat": {
            "FP16": {
                "initial_accuracy": 0.89,
                "final_accuracy": 75.87,
                "baseline_accuracy": 75.35,
                "ptq_accuracy": 75.35,
                "recovery_from_ptq": 0.5200000000000102,
                "vs_baseline": -0.5200000000000102,
                "recovered_baseline": true,
                "recovery_epoch": 11,
                "recovery_time_sec": 1211.3704013824463,
                "total_training_time_sec": 1211.3704144954681,
                "latency_ms": 25.34264087677002,
                "epoch_history": [
                    {
                        "epoch": 1,
                        "train_loss": 2.5820003010122976,
                        "train_acc": 35.436,
                        "test_acc": 59.97,
                        "time_sec": 110.13643884658813
                    },
                    {
                        "epoch": 2,
                        "train_loss": 1.4313569767090975,
                        "train_acc": 58.606,
                        "test_acc": 66.36,
                        "time_sec": 110.39269185066223
                    },
                    {
                        "epoch": 3,
                        "train_loss": 1.2172897119656243,
                        "train_acc": 64.204,
                        "test_acc": 68.82,
                        "time_sec": 106.76496434211731
                    },
                    {
                        "epoch": 4,
                        "train_loss": 1.089522116629364,
                        "train_acc": 67.56,
                        "test_acc": 69.33,
                        "time_sec": 109.1902585029602
                    },
                    {
                        "epoch": 5,
                        "train_loss": 0.9931887197677437,
                        "train_acc": 70.12,
                        "test_acc": 71.23,
                        "time_sec": 110.18963098526001
                    },
                    {
                        "epoch": 6,
                        "train_loss": 0.9225082888322718,
                        "train_acc": 72.066,
                        "test_acc": 72.62,
                        "time_sec": 107.21980953216553
                    },
                    {
                        "epoch": 7,
                        "train_loss": 0.8750514981082028,
                        "train_acc": 73.116,
                        "test_acc": 73.31,
                        "time_sec": 110.15189862251282
                    },
                    {
                        "epoch": 8,
                        "train_loss": 0.818811377143616,
                        "train_acc": 74.79,
                        "test_acc": 74.32,
                        "time_sec": 108.40575766563416
                    },
                    {
                        "epoch": 9,
                        "train_loss": 0.7734617341662307,
                        "train_acc": 76.084,
                        "test_acc": 73.43,
                        "time_sec": 107.15508222579956
                    },
                    {
                        "epoch": 10,
                        "train_loss": 0.7274564579319771,
                        "train_acc": 77.428,
                        "test_acc": 73.82,
                        "time_sec": 109.40988540649414
                    },
                    {
                        "epoch": 11,
                        "train_loss": 0.6944129437284396,
                        "train_acc": 78.388,
                        "test_acc": 75.87,
                        "time_sec": 110.12055158615112
                    }
                ],
                "model_size": 246.3912057876587
            },
            "BF16": {
                "initial_accuracy": 1.31,
                "final_accuracy": 75.29,
                "baseline_accuracy": 75.35,
                "ptq_accuracy": 75.46,
                "recovery_from_ptq": -0.1699999999999875,
                "vs_baseline": 0.05999999999998806,
                "recovered_baseline": true,
                "recovery_epoch": 12,
                "recovery_time_sec": 1355.0247766971588,
                "total_training_time_sec": 1355.024812221527,
                "latency_ms": 22.0338773727417,
                "epoch_history": [
                    {
                        "epoch": 1,
                        "train_loss": 2.5775362018429107,
                        "train_acc": 35.53,
                        "test_acc": 59.61,
                        "time_sec": 108.71738791465759
                    },
                    {
                        "epoch": 2,
                        "train_loss": 1.430104027166391,
                        "train_acc": 58.724,
                        "test_acc": 66.49,
                        "time_sec": 108.9182620048523
                    },
                    {
                        "epoch": 3,
                        "train_loss": 1.2106057757611774,
                        "train_acc": 64.6,
                        "test_acc": 69.7,
                        "time_sec": 109.97323346138
                    },
                    {
                        "epoch": 4,
                        "train_loss": 1.0900200794419974,
                        "train_acc": 67.576,
                        "test_acc": 70.32,
                        "time_sec": 109.66525459289551
                    },
                    {
                        "epoch": 5,
                        "train_loss": 0.9993928009286865,
                        "train_acc": 70.03,
                        "test_acc": 71.97,
                        "time_sec": 110.21730041503906
                    },
                    {
                        "epoch": 6,
                        "train_loss": 0.9258508356026066,
                        "train_acc": 71.96,
                        "test_acc": 73.1,
                        "time_sec": 113.10715532302856
                    },
                    {
                        "epoch": 7,
                        "train_loss": 0.861951561535106,
                        "train_acc": 73.796,
                        "test_acc": 73.43,
                        "time_sec": 110.63342094421387
                    },
                    {
                        "epoch": 8,
                        "train_loss": 0.8193918570228245,
                        "train_acc": 74.808,
                        "test_acc": 74.44,
                        "time_sec": 116.562664270401
                    },
                    {
                        "epoch": 9,
                        "train_loss": 0.7655497225349212,
                        "train_acc": 76.272,
                        "test_acc": 74.71,
                        "time_sec": 115.96333646774292
                    },
                    {
                        "epoch": 10,
                        "train_loss": 0.7262426976810026,
                        "train_acc": 77.488,
                        "test_acc": 74.76,